<SCENE>

<!-- Initial values -->
<INITIALS>
    <frustum near="0.1" far="500"/>                 
    <translation x="0" y="0" z="0" />               
    <rotation axis="x" angle="0" />                
    <rotation axis="y" angle="0" />                
    <rotation axis="z" angle="0" />                
    <scale sx="1" sy="1" sz="1" />         
    <reference length="5" />                        
</INITIALS>


<!-- Illumination and clear colour -->
<ILLUMINATION>
    <ambient r="0.2" g="0.2" b="0.2" a="1" />       
    <background r="0" g="0" b="0" a="1" />          
</ILLUMINATION>


<!-- Lights -->
<LIGHTS>	
	<LIGHT id="light0">                                    
        <enable value ="1" />                   	       
        <position  x="0" y="10" z="0" w="1" />       	   
        <ambient r="0.2" g="0.2" b="0.2" a="1.0" />        	 
        <diffuse r="1.0" g="1.0" b="1.0" a="1.0" />        
        <specular r="1.0" g="1.0" b="1.0" a="1.0" />      
    </LIGHT>
	
	<LIGHT id="light1">                                    
        <enable value ="1" />                   	      
        <position x="30" y="10" z="0" w="1" />       	   
        <ambient r="0.2" g="0.2" b="0.2" a="1.0" />       
        <diffuse r="1.0" g="1.0" b="1.0" a="1.0" />        
        <specular r="1.0" g="1.0" b="1.0" a="1.0" />       
    </LIGHT>
	
	<LIGHT id="light2">                                   
        <enable value ="1" />                   	       
        <position x="0" y="10" z="20" w="1" />       		   
        <ambient r="0.2" g="0.2" b="0.2" a="1.0" />      
        <diffuse r="1.0" g="1.0" b="1.0" a="1.0" />        
        <specular r="1.0" g="1.0" b="1.0" a="1.0" />       
    </LIGHT>

    <LIGHT id="light3">                                   
        <enable value ="1" />                   	       
        <position x="30" y="10" z="20" w="1" />       			
        <ambient r="0.2" g="0.2" b="0.2" a="1.0" />           	
        <diffuse r="0.6" g="0.6" b="0.6" a="1.0" />       
        <specular r="0.6" g="0.6" b="0.6" a="1.0" />      
    </LIGHT>
    
</LIGHTS>

<!-- Textures -->
<TEXTURES>
	<!-- White glass -->
    <TEXTURE id="glass">
        <file path="images/glass.jpg" />               
        <amplif_factor s="2" t="2" />                           
    </TEXTURE>

     <!-- Pink plastic -->
    <TEXTURE id="plastic">
        <file path="images/plastic.jpg" />                
        <amplif_factor s="3" t="4" />                           
    </TEXTURE>
    
</TEXTURES>


<MATERIALS>
	<!-- A default material -->
    <MATERIAL id="defaultMaterial">                                  
        <shininess value="1" />
        <specular r="0.0" g="0.0" b="0.0" a="1" />        
        <diffuse r="0.4" g="0.4" b="0.4" a="1" />       
        <ambient r="0.4" g="0.4" b="0.4" a="1" />         
        <emission r="0.0" g="0.0" b="0.0" a="1" />        
    </MATERIAL>

</MATERIALS>


<ANIMATIONS>
	<ANIMATION id="linear_test1" speed="1.0" type="linear">
		<controlpoint xx="0" yy="0" zz="0" />
		<controlpoint xx="5" yy="0" zz="0" />
		<controlpoint xx="0" yy="0" zz="5" />
		<controlpoint xx="0" yy="5" zz="0" />
	</ANIMATION>
	<ANIMATION id="circular_test2" speed="1.5" type="circular"
			   centerx="0" centery="0" centerz="0"
			   radius="1.366" startang="0" rotang="40" />
	
</ANIMATIONS>

<!-- The leaves -->
<LEAVES>
</LEAVES>


<!-- The nodes -->
<NODES>

    <ROOT id="root" />     

    <!-- The root node -->
    <NODE id="root">       
        <MATERIAL id="defaultMaterial" />         
        <TEXTURE id="null" />  
		
		<ANIMATIONREFS>
			<ANIMATIONREF id="linear_test1" />
		</ANIMATIONREFS>

        <DESCENDANTS>

            <NODEREF id="whiteSpheres" />    
            <NODEREF id="pinkSphere" /> 
            <NODEREF id="whiteCylinders" />   
            <NODEREF id="pinkCylinders" />
        </DESCENDANTS>

    </NODE>

     <!-- Central atom -->
    <NODE id="pinkSphere">
        <MATERIAL id="null" />
        <TEXTURE id="plastic" />

        <DESCENDANTS>
			<NODEREF id="ws3" />
			<LEAF  type="sphere" args="1 20 20" />
		</DESCENDANTS>

    </NODE>
	
	<NODE id="ws3">
        <MATERIAL id="null" />
        <TEXTURE id="null" />

		<TRANSLATION x="3.732" y="0" z="0" />

        <DESCENDANTS>
            <LEAF  type="sphere" args="1 20 20" />
        </DESCENDANTS>

    </NODE>

    <!-- White atoms -->
     <NODE id="whiteSpheres">
        <MATERIAL id="null" />
        <TEXTURE id="glass" />

        <DESCENDANTS>
            <NODEREF id="ws1" />
            <NODEREF id="ws2" />
            <!--<NODEREF id="ws3" />-->
            <NODEREF id="ws4" />
			<NODEREF id="ws5" />
        </DESCENDANTS>

    </NODE>

    <!-- The 1st atom -->
     <NODE id="ws1">
        <MATERIAL id="null" />
        <TEXTURE id="null" />

		<TRANSLATION x="0" y="3.732" z="0" />

        <DESCENDANTS>
            <LEAF  type="sphere" args="1 20 20" />
        </DESCENDANTS>

    </NODE>
	
	    <!-- The 2nd atom -->
     <NODE id="ws2">       
        <MATERIAL id="null" />    
        <TEXTURE id="null" />  

		<TRANSLATION x="0" y="-3.732" z="0" />		

        <DESCENDANTS>
            <LEAF  type="sphere" args="1 20 20" />    
        </DESCENDANTS>

    </NODE>
	
	    <!-- The 3rd atom -->
    <!-- <NODE id="ws3">       
        <MATERIAL id="null" />    
        <TEXTURE id="null" />  

		<TRANSLATION x="3.732" y="0" z="0" />		

        <DESCENDANTS>
            <LEAF  type="sphere" args="1 20 20" />    
        </DESCENDANTS>

    </NODE>-->
	
	    <!-- The 4th atom -->
     <NODE id="ws4">       
        <MATERIAL id="null" />    
        <TEXTURE id="null" />  

		<TRANSLATION x="-1.866" y="0" z="3.232" />		

        <DESCENDANTS>
            <LEAF  type="sphere" args="1 20 20" />    
        </DESCENDANTS>

    </NODE>
	
	    <!-- The 5th atom -->
     <NODE id="ws5">       
        <MATERIAL id="null" />    
        <TEXTURE id="null" />  

		<TRANSLATION x="-1.866" y="0" z="-3.232" />		

        <DESCENDANTS>
            <LEAF  type="sphere" args="1 20 20" />    
        </DESCENDANTS>

    </NODE>
	
	    <!-- White connection -->
     <NODE id="whiteCylinders">       
        <MATERIAL id="null" />    
        <TEXTURE id="glass" />       			

        <DESCENDANTS>
            <NODEREF id="wcyl1" />     	    
            <NODEREF id="wcyl2" />     	    
            <NODEREF id="wcyl3" />     	   
            <NODEREF id="wcyl4" />     
			<NODEREF id="wcyl5" />			
        </DESCENDANTS>

    </NODE>

	    <!-- The 1st white connection -->
     <NODE id="wcyl1">       
        <MATERIAL id="null" />    
        <TEXTURE id="null" />  

	     	<ROTATION axis="x" angle="-90" />
		<TRANSLATION x="0" y="0" z="1.866" />	

        <DESCENDANTS>
            <LEAF  type="cylinder" args="1 0.5 0.5 20 20 0 0" />    
        </DESCENDANTS>

    </NODE>

	    <!-- The 2nd white connection -->
     <NODE id="wcyl2">       
        <MATERIAL id="null" />    
        <TEXTURE id="null" />  
	
	     	<ROTATION axis="x" angle="90" />
		<TRANSLATION x="0" y="0" z="1.866" />		

        <DESCENDANTS>
            <LEAF  type="cylinder" args="1 0.5 0.5 20 20 0 0" />    
        </DESCENDANTS>

    </NODE>
	
	    <!-- The 3rd white connection -->
     <NODE id="wcyl3">       
        <MATERIAL id="null" />    
        <TEXTURE id="null" />  
	
		<ROTATION axis="y" angle="90" />
		<TRANSLATION x="0" y="0" z="1.866" />	
	     
		<ANIMATIONREFS>
			<ANIMATIONREF id="circular_test2" />
		</ANIMATIONREFS>
	     
        <DESCENDANTS>
            <LEAF  type="cylinder" args="1 0.5 0.5 20 20 0 0" />    
        </DESCENDANTS>

    </NODE>
	
	    <!-- The 4th white connection -->
     <NODE id="wcyl4">       
        <MATERIAL id="null" />    
        <TEXTURE id="null" />  

		<TRANSLATION x="-0.933" y="0" z="1.616" />	
		<ROTATION axis="y" angle="-30" />		

        <DESCENDANTS>
            <LEAF  type="cylinder" args="1 0.5 0.5 20 20 0 0" />    
        </DESCENDANTS>

    </NODE>
	
	    <!-- The 5th white connection -->
     <NODE id="wcyl5">       
        <MATERIAL id="null" />    
        <TEXTURE id="null" />  
	
		<TRANSLATION x="-0.933" y="0" z="-1.616" />
	   	<ROTATION axis="y" angle="-150" />

        <DESCENDANTS>
            <LEAF  type="cylinder" args="1 0.5 0.5 20 20 0 0" />    
        </DESCENDANTS>

    </NODE>
	
	    <!-- Pink connection -->
     <NODE id="pinkCylinders">       
        <MATERIAL id="null" />    
        <TEXTURE id="plastic" />       			

        <DESCENDANTS>
            <NODEREF id="pcyl1" />     	    
            <NODEREF id="pcyl2" />     	    
            <NODEREF id="pcyl3" />     	   
            <NODEREF id="pcyl4" />     
			<NODEREF id="pcyl5" /> 			
        </DESCENDANTS>

    </NODE>

	    <!-- The 1st pink connection -->
     <NODE id="pcyl1">       
        <MATERIAL id="null" />    
        <TEXTURE id="null" />  
	
		<ROTATION axis="x" angle="-90" />
		<TRANSLATION x="0" y="0" z="0.866" />		

        <DESCENDANTS>
            <LEAF  type="cylinder" args="1 0.5 0.5 20 20 0 0" />    
        </DESCENDANTS>

    </NODE>

	    <!-- The 2nd pink connection -->
   	 	<NODE id="pcyl2">       
        <MATERIAL id="null" />    
        <TEXTURE id="null" />  
	
		<ROTATION axis="x" angle="90" />	
		<TRANSLATION x="0" y="0" z="0.866" />	

        <DESCENDANTS>
            <LEAF  type="cylinder" args="1 0.5 0.5 20 20 0 0" />    
        </DESCENDANTS>

    </NODE>
	
	    <!-- The 3rd pink connection -->
     <NODE id="pcyl3">       
        <MATERIAL id="null" />    
        <TEXTURE id="null" />  
	
		<ROTATION axis="y" angle="90" />	
		<TRANSLATION x="0" y="0" z="0.866" />	

        <DESCENDANTS>
            <LEAF  type="cylinder" args="1 0.5 0.5 20 20 0 0" />    
        </DESCENDANTS>

    </NODE>
	
	    <!-- The 4th pink connection -->
     <NODE id="pcyl4">       
        <MATERIAL id="null" />    
        <TEXTURE id="null" />  
		
		<TRANSLATION x="-0.433" y="0" z="0.75" />
		<ROTATION axis="y" angle="-30" />		

        <DESCENDANTS>
            <LEAF  type="cylinder" args="1 0.5 0.5 20 20 0 0" />    
        </DESCENDANTS>

    </NODE>
	
	    <!-- The 5th pink connection -->
     <NODE id="pcyl5">       
        <MATERIAL id="null" />    
        <TEXTURE id="null" />  
	
		<TRANSLATION x="-0.433" y="0" z="-0.75" />
		<ROTATION axis="y" angle="-150" />		

        <DESCENDANTS>
            <LEAF  type="cylinder" args="1 0.5 0.5 20 20 0 0" />    
        </DESCENDANTS>

    </NODE>

</NODES>

</SCENE>
